<?xml version="1.0" encoding="UTF-8"?><server>
    <featureManager>
        <feature>jsp-2.3</feature>
        <feature>jdbc-4.1</feature>
        <feature>javaMail-1.5</feature>
    </featureManager>
    <authData id="db2access" password="???" user="db2inst1"/>
    <authData id="icp-ldapNode01/derby" password="???" user="derbyuser"/>
    <jdbcDriver id="Derby_JDBC_Provider_40" javax.sql.DataSource="org.apache.derby.jdbc.EmbeddedConnectionPoolDataSource40">
        <library>
            <file name="${DERBY_JDBC_DRIVER_PATH}/derby.jar"/>
        </library>
    </jdbcDriver>
    <dataSource id="Derby JDBC Driver DataSource 40" jdbcDriverRef="Derby_JDBC_Provider_40" jndiName="jdbc/wasstarter">
        <properties.derby.embedded databaseName="/opt/IBM/WebSphere/AppServer/derby/databases/starter" name="Derby JDBC Driver DataSource 40"/>
        <connectionManager agedTimeout="0" connectionTimeout="180" maxIdleTime="1800" maxPoolSize="10" minPoolSize="1" reapTime="180"/>
    </dataSource>
    <jdbcDriver id="DB2_Using_IBM_JCC_Driver" javax.sql.DataSource="com.ibm.db2.jcc.DB2ConnectionPoolDataSource">
        <library>
            <file name="${DB2_JCC_DRIVER_PATH}/db2jcc4.jar"/>
            <file name="${UNIVERSAL_JDBC_DRIVER_PATH}/db2jcc_license_cu.jar"/>
            <file name="${DB2_JCC_DRIVER_PATH}/db2jcc_license_cisuz.jar"/>
            <file name="${PUREQUERY_PATH}/pdq.jar"/>
            <file name="${PUREQUERY_PATH}/pdqmgmt.jar"/>
        </library>
    </jdbcDriver>
    <dataSource containerAuthDataRef="db2access" id="Petstore DB2" jdbcDriverRef="DB2_Using_IBM_JCC_Driver" jndiName="jbdc/PetstoreDB">
        <properties.db2.jcc beginTranForResultSetScrollingAPIs="false" beginTranForVendorAPIs="false" connectionSharing="1" databaseName="petstore" enableClientInformation="false" enableMultithreadedAccessDetection="false" errorDetectionModel="ExceptionMapping" freeResourcesOnClose="false" jmsOnePhaseOptimization="false" name="Petstore DB2" nonTransactionalDataSource="false" portNumber="50000" preTestSQLString="SELECT CURRENT SQLID FROM SYSIBM.SYSDUMMY1" reauthentication="false" retrieveMessagesFromServerOnGetMessage="true" serverName="127.0.0.1" traceLevel="-1" unbindClientRerouteListFromJndi="false" useTransactionRedirect="false" validateNewConnection="false" validateNewConnectionRetryCount="100" validateNewConnectionRetryInterval="3"/>
        <connectionManager agedTimeout="0" connectionTimeout="180" maxIdleTime="1800" maxPoolSize="10" minPoolSize="1" reapTime="180"/>
    </dataSource>
    <jdbcDriver id="Derby_JDBC_Provider_(XA)" javax.sql.DataSource="org.apache.derby.jdbc.EmbeddedXADataSource">
        <library>
            <file name="${DERBY_JDBC_DRIVER_PATH}/derby.jar"/>
        </library>
    </jdbcDriver>
    <dataSource id="DefaultEJBTimerDataSource" jdbcDriverRef="Derby_JDBC_Provider_(XA)" jndiName="jdbc/DefaultEJBTimerDataSource">
        <properties.derby.embedded category="default" connectionAttributes="upgrade=true" databaseName="${USER_INSTALL_ROOT}/databases/EJBTimers/${SERVER}/EJBTimerDB" name="DefaultEJBTimerDataSource" preTestSQLString=""/>
        <connectionManager agedTimeout="0" connectionTimeout="1800" maxIdleTime="1800" maxPoolSize="30" minPoolSize="1" reapTime="180"/>
    </dataSource>
    <dataSource id="PlantsByWebSphereDataSource" jdbcDriverRef="Derby_JDBC_Provider_(XA)" jndiName="jdbc/PlantsByWebSphereDataSource">
        <properties.derby.embedded name="PlantsByWebSphereDataSource"/>
        <connectionManager agedTimeout="0" connectionTimeout="180" maxIdleTime="1800" maxPoolSize="10" minPoolSize="1" reapTime="180"/>
    </dataSource>
    <dataSource id="PlantsByWebSphereDataSourceNONJTA" jdbcDriverRef="Derby_JDBC_Provider_(XA)" jndiName="jdbc/PlantsByWebSphereDataSourceNONJTA">
        <properties.derby.embedded name="PlantsByWebSphereDataSourceNONJTA"/>
        <connectionManager agedTimeout="0" connectionTimeout="180" maxIdleTime="1800" maxPoolSize="10" minPoolSize="1" reapTime="180"/>
    </dataSource>
    <jdbcDriver id="MySQL_5.1.38-1" javax.sql.DataSource="com.mysql.jdbc.jdbc2.optional.MysqlConnectionPoolDataSource">
        <library>
            <file name="/usr/share/java/mysql-connector-java-5.1.38.jar"/>
        </library>
    </jdbcDriver>
    <dataSource id="MySQL JTA for Plants by WebSphere" jdbcDriverRef="MySQL_5.1.38-1" jndiName="jdbc/PlantsByWebSphereMySQLDataSource">
        <properties databaseName="PlantsDB" description="MySQL JTA for Plants by WebSphere JDBC Datasource" name="MySQL JTA for Plants by WebSphere" password="???" portNumber="3306" preTestSQLString="SELECT 1 FROM DUMMYTABLE" relaxAutoCommit="true" serverName="localhost" user="pbwadmin"/>
        <connectionManager agedTimeout="0" connectionTimeout="180" maxIdleTime="1800" maxPoolSize="10" minPoolSize="1" reapTime="180"/>
    </dataSource>
    <dataSource id="Non JTA MySQL for Plants By WebSphere" jdbcDriverRef="MySQL_5.1.38-1" jndiName="jdbc/PlantsByWebSphereMySQLDataSourceNONJTA">
        <properties databaseName="plantsdb" description="Non JTA MySQL for Plants By WebSphereJDBC Datasource" name="Non JTA MySQL for Plants By WebSphere" password="???" portNumber="3306" preTestSQLString="SELECT 1 FROM DUMMYTABLE" relaxAutoCommit="true" serverName="localhost" user="pbwadmin"/>
        <connectionManager agedTimeout="0" connectionTimeout="180" maxIdleTime="1800" maxPoolSize="10" minPoolSize="1" reapTime="180"/>
    </dataSource>
    <variable name="DB2_JCC_DRIVER_PATH" value="/opt/IBM/WebSphere/AppServer/universalDriver/lib"/>
    <variable name="DERBY_JDBC_DRIVER_PATH" value="${WAS_INSTALL_ROOT}/derby/lib"/>
    <variable name="UNIVERSAL_JDBC_DRIVER_PATH" value="${WAS_INSTALL_ROOT}/universalDriver/lib"/>
    <variable name="DB2_JCC_DRIVER_NATIVEPATH" value=""/>
    <variable name="PUREQUERY_PATH" value=""/>
    <mailSession description="" from="" jndiName="jbdc/PlantsByWebSphere" mailSessionID="PlantsByWebsphere"/>
    <mailSession description="" from="" jndiName="mail/PlantsByWebSphere" mailSessionID="PlantsbyWebSphere">
        <property name="mail.imap.host" value="impa.gmail.com"/>
        <property name="mail.smtp.host" value="smtp.gmail.com"/>
    </mailSession>
<applicationManager autoExpand="true"/>
</server>
