{
  "profiles": [
    {
      "appsInfo": [],
      "cellName": "icp-ldapNode01Cell",
      "javaVersion": "ibm7",
      "appsFound": true,
      "webSphereVersion": "was70",
      "jarsInSharedLibarary": 0,
      "isStandalone": true,
      "webSphereVariables": [
        {
          "scope": "servers:server1",
          "name": "SERVER_LOG_ROOT",
          "value": "${LOG_ROOT}/server1"
        },
        {
          "scope": "servers:server1",
          "name": "WAS_SERVER_NAME",
          "value": "server1"
        },
        {
          "scope": "nodes:icp-ldapNode01",
          "name": "DB2_JCC_DRIVER_PATH",
          "value": "/opt/IBM/WebSphere/AppServer/universalDriver/lib"
        },
        {
          "scope": "nodes:icp-ldapNode01",
          "name": "WAS_INSTALL_ROOT",
          "value": "/opt/IBM/WebSphere/AppServer"
        },
        {
          "scope": "nodes:icp-ldapNode01",
          "name": "USER_INSTALL_ROOT",
          "value": "/opt/IBM/WebSphere/AppServer/profiles/AppSrv01"
        },
        {
          "scope": "nodes:icp-ldapNode01",
          "name": "WAS_LIBS_DIR",
          "value": "${WAS_INSTALL_ROOT}/lib"
        },
        {
          "scope": "nodes:icp-ldapNode01",
          "name": "WAS_PROPS_DIR",
          "value": "${USER_INSTALL_ROOT}/properties"
        },
        {
          "scope": "nodes:icp-ldapNode01",
          "name": "WAS_TEMP_DIR",
          "value": "${USER_INSTALL_ROOT}/temp"
        },
        {
          "scope": "nodes:icp-ldapNode01",
          "name": "APP_INSTALL_ROOT",
          "value": "${USER_INSTALL_ROOT}/installedApps"
        },
        {
          "scope": "nodes:icp-ldapNode01",
          "name": "LOG_ROOT",
          "value": "${USER_INSTALL_ROOT}/logs"
        },
        {
          "scope": "nodes:icp-ldapNode01",
          "name": "DRIVER_PATH",
          "value": "${WAS_INSTALL_ROOT}"
        },
        {
          "scope": "nodes:icp-ldapNode01",
          "name": "JAVA_HOME",
          "value": "${JAVA_LOCATION_1.7_64}"
        },
        {
          "scope": "nodes:icp-ldapNode01",
          "name": "MQ_INSTALL_ROOT",
          "value": "${WAS_INSTALL_ROOT}/lib/WMQ"
        },
        {
          "scope": "nodes:icp-ldapNode01",
          "name": "DEPLOY_TOOL_ROOT",
          "value": "${WAS_INSTALL_ROOT}/deploytool/itp"
        },
        {
          "scope": "nodes:icp-ldapNode01",
          "name": "CONNECTOR_INSTALL_ROOT",
          "value": "${USER_INSTALL_ROOT}/installedConnectors"
        },
        {
          "scope": "nodes:icp-ldapNode01",
          "name": "WAS_ETC_DIR",
          "value": "${USER_INSTALL_ROOT}/etc"
        },
        {
          "scope": "nodes:icp-ldapNode01",
          "name": "UNIVERSAL_JDBC_DRIVER_PATH",
          "value": "${WAS_INSTALL_ROOT}/universalDriver/lib"
        },
        {
          "scope": "nodes:icp-ldapNode01",
          "name": "DERBY_JDBC_DRIVER_PATH",
          "value": "${WAS_INSTALL_ROOT}/derby/lib"
        },
        {
          "scope": "nodes:icp-ldapNode01",
          "name": "WAS_INSTALL_LIBRARY",
          "value": "$(was.install.library)"
        },
        {
          "scope": "nodes:icp-ldapNode01",
          "name": "LOCALHOST_NAME",
          "value": "localhost"
        },
        {
          "scope": "nodes:icp-ldapNode01",
          "name": "JAVA_LOCATION_1.7_64",
          "value": "${WAS_INSTALL_ROOT}/java_1.7_64"
        },
        {
          "scope": "cells:icp-ldapNode01Cell",
          "name": "WAS_CELL_NAME",
          "value": "icp-ldapNode01Cell"
        },
        {
          "scope": "cells:icp-ldapNode01Cell",
          "name": "GRID_JOBLOG_ROOT",
          "value": "${USER_INSTALL_ROOT}"
        },
        {
          "scope": "cells:icp-ldapNode01Cell",
          "name": "DERBY_JDBC_DRIVER_PATH",
          "value": "${WAS_INSTALL_ROOT}/derby/lib"
        },
        {
          "scope": "cells:icp-ldapNode01Cell",
          "name": "GRID_ENDPOINT_DATASOURCE",
          "value": "jdbc/pgc"
        },
        {
          "scope": "cells:icp-ldapNode01Cell",
          "name": "DB2_JCC_DRIVER_PATH",
          "value": "/opt/IBM/WebSphere/AppServer/universalDriver/lib"
        },
        {
          "scope": "servers:nodeagent",
          "name": "WAS_SERVER_NAME",
          "value": "nodeagent"
        },
        {
          "scope": "servers:DeveloperServer",
          "name": "SERVER_LOG_ROOT",
          "value": "${LOG_ROOT}/server1"
        },
        {
          "scope": "servers:DeveloperServer",
          "name": "WAS_SERVER_NAME",
          "value": "server1"
        },
        {
          "scope": "servers:defaultZOS",
          "name": "SERVER_LOG_ROOT",
          "value": "${LOG_ROOT}/server1"
        }
      ],
      "name": "AppSrv01",
      "profilePath": "/opt/IBM/WebSphere/AppServer/profiles/AppSrv01",
      "applications": [
        "/opt/IBM/WebSphere/AppServer/profiles/AppSrv01/config/cells/icp-ldapNode01Cell/applications/plants-by-websphere-jee5.ear/plants-by-websphere-jee5.ear",
        "/opt/IBM/WebSphere/AppServer/profiles/AppSrv01/config/cells/icp-ldapNode01Cell/applications/was-starter.ear/was-starter.ear",
        "/opt/IBM/WebSphere/AppServer/profiles/AppSrv01/config/cells/icp-ldapNode01Cell/applications/plants-by-websphere-jee6-mysql.ear/plants-by-websphere-jee6-mysql.ear",
        "/opt/IBM/WebSphere/AppServer/profiles/AppSrv01/config/cells/icp-ldapNode01Cell/applications/petstore-WAS.ear/petstore-WAS.ear"
      ],
      "serverClasspath": []
    }
  ],
  "productInf": [
    {
      "buildLevel": "cf131751.02",
      "name": "IBM WebSphere SDK Java Technology Edition (Optional)",
      "id": "IBMJAVA7",
      "buildDate": "12/19/17",
      "version": "7.0.10.15"
    },
    {
      "buildLevel": "cf131801.05",
      "name": "IBM WebSphere Application Server",
      "id": "BASE",
      "buildDate": "1/12/18",
      "version": "8.5.5.13"
    }
  ]
}