{
   "report": "inventory",
   "version": "2.3",
   "productVersion": "9.0",
   "productRelease": "18.0.0.2",
   "options": [
      "--excludePackages=com.ibm,com.informix,com.microsoft,com.sybase,com.sun,java,javax,net,oracle,org,sqlj,_ibmjsp"
   ],
   "applications": [
      "/opt/IBM/WebSphere/AppServer/profiles/AppSrv01/config/cells/icp-ldapNode01Cell/applications/petstore-WAS.ear/petstore-WAS.ear"
   ],
   "sharedLibraries": [
   ],
   "archives": {
      "ears": 1,
      "wars": 1,
      "rars": 0,
      "ejbs": 0,
      "webFragments": 0,
      "utilityJars": 9,
      "appClients": 0
   },
   "summary": {
      "servlets": 2,
      "jsps": 22,
      "jpaEntities": 7,
      "bmpEntityBeans": 0,
      "cmpEntityBeans": 0,
      "messageDrivenBeans": 0,
      "singletonSessionBeans": 0,
      "statefulSessionBeans": 0,
      "statelessSessionBeans": 0,
      "jaxrpcConsumers": 0,
      "jaxrpcProviders": 0,
      "jaxrsConsumers": 0,
      "jaxrsProviders": 0,
      "jaxwsConsumers": 0,
      "jaxwsProviders": 0
   },
   "archiveInventory": [
      {
         "archiveName": "/opt/IBM/WebSphere/AppServer/profiles/AppSrv01/config/cells/icp-ldapNode01Cell/applications/petstore-WAS.ear/petstore-WAS.ear",
         "moduleType": "Enterprise archive",
         "moduleVersion": null,
         "metadataComplete": null,
         "archives": {
            "wars": 1,
            "rars": 0,
            "ejbs": 0,
            "utilityJars": 9,
            "appClients": 0
         },
         "summary": {
            "servlets": 2,
            "jsps": 22,
            "jpaEntities": 7,
            "bmpEntityBeans": 0,
            "cmpEntityBeans": 0,
            "messageDrivenBeans": 0,
            "singletonSessionBeans": 0,
            "statefulSessionBeans": 0,
            "statelessSessionBeans": 0,
            "jaxrpcConsumers": 0,
            "jaxrpcProviders": 0,
            "jaxrsConsumers": 0,
            "jaxrsProviders": 0,
            "jaxwsConsumers": 0,
            "jaxwsProviders": 0
         },
         "potentialDeploymentProblemsSummary": {
            "archivesContainingDuplicateClasses": 0,
            "archivesContainingJavaEEorSEClasses": 0,
            "archivesContainingConflictingOpenSourceSoftwareClasses": 3,
            "archivesContainingWebSphereClasses": 0,
            "archivesNotReferencedInTheApplication": 0,
            "archivesWithMissingDependenciesInTheApplication": 5,
            "classesWithSystemLevelJVMConfiguration": 1,
            "sharedLibrariesReferencingApplicationClasses": 0
         },
         "potentialDeploymentProblemsDetails": [
            {
               "duplicateClassesWithinClassLoader": [
               ]
            },
            {
               "duplicateClassesAcrossApplication": [
               ]
            },
            {
               "javaEEandSEClasses": [
               ]
            },
            {
               "duplicateWebSphereClasses": [
               ]
            },
            {
               "openSourceSoftwareClasses": [
                  {
                     "conflictingPackages": [
                        "org.apache.commons.fileupload",
                        "org.apache.commons.fileupload.disk",
                        "org.apache.commons.fileupload.portlet",
                        "org.apache.commons.fileupload.servlet"
                     ],
                     "packageLocation": [
                        "petstore-webmodule.war/WEB-INF/lib/commons-fileupload-1.1.1.jar"
                     ],
                     "appliesTo": [
                        "V8.5.5",
                        "V9.0"
                     ]
                  },
                  {
                     "conflictingPackages": [
                        "org.apache.commons.io",
                        "org.apache.commons.io.filefilter",
                        "org.apache.commons.io.input",
                        "org.apache.commons.io.output"
                     ],
                     "packageLocation": [
                        "petstore-webmodule.war/WEB-INF/lib/commons-io-1.2.jar"
                     ],
                     "appliesTo": [
                        "V8.5.5",
                        "V9.0"
                     ]
                  },
                  {
                     "conflictingPackages": [
                        "org.apache.commons.logging",
                        "org.apache.commons.logging.impl"
                     ],
                     "packageLocation": [
                        "petstore-webmodule.war/WEB-INF/lib/commons-logging-1.1.jar"
                     ],
                     "appliesTo": [
                        "V8.5.5",
                        "V9.0"
                     ]
                  }
               ]
            },
            {
               "archivesNotReferenced": [
               ]
            },
            {
               "missingDependencies": [
                  {
                     "missingDependencies": [
                        "com.sun.net.ssl.internal.ssl"
                     ],
                     "archive": [
                        "petstore-webmodule.war/WEB-INF/lib/bp-ui-5.jar"
                     ]
                  },
                  {
                     "missingDependencies": [
                        "org.apache.avalon.framework.logger",
                        "org.apache.log",
                        "org.apache.log4j"
                     ],
                     "archive": [
                        "petstore-webmodule.war/WEB-INF/lib/commons-logging-1.1.jar"
                     ]
                  },
                  {
                     "missingDependencies": [
                        "org.apache.commons.chain",
                        "org.apache.commons.chain.impl"
                     ],
                     "archive": [
                        "petstore-webmodule.war/WEB-INF/lib/shale-remoting.jar"
                     ]
                  },
                  {
                     "missingDependencies": [
                        "org.apache.commons.httpclient",
                        "org.apache.commons.httpclient.methods"
                     ],
                     "archive": [
                        "petstore-webmodule.war/WEB-INF/lib/rome-fetcher-0.7.jar"
                     ]
                  },
                  {
                     "missingDependencies": [
                        "org.jaxen",
                        "org.jaxen.jdom"
                     ],
                     "archive": [
                        "petstore-webmodule.war/WEB-INF/lib/jdom.jar"
                     ]
                  }
               ]
            },
            {
               "classesWithSystemLevelJVMConfiguration": [
                  {
                     "classFile": "petstore-webmodule.war/WEB-INF/lib/lucene-core-2.0.0.jar/org/apache/lucene/search/RemoteSearchable.class",
                     "methodsFound": [
                        "java.lang.System.setSecurityManager(*)"
                     ]
                  }
               ]
            },
            {
               "sharedLibraryDependencies": [
               ]
            }
         ],
         "performanceConsiderations": {
            "archivesThatAreCandidatesForMetadataCompleteTrueAttribute": [
            ],
            "webModulesWithExcessiveClassFiles": [
            ],
            "webModulesWithExcessiveStaticResources": [
            ]
         },
         "containedArchiveInventory": [
            {
               "archiveName": "/opt/IBM/WebSphere/AppServer/profiles/AppSrv01/config/cells/icp-ldapNode01Cell/applications/petstore-WAS.ear/petstore-WAS.ear/petstore-webmodule.war",
               "moduleType": "Web module",
               "moduleVersion": "2.5",
               "metadataComplete": "Unspecified",
               "archives": {
                  "ejbs": 0,
                  "webFragments": 0,
                  "utilityJars": 9
               },
               "summary": {
                  "servlets": 2,
                  "jsps": 22,
                  "jpaEntities": 7,
                  "bmpEntityBeans": 0,
                  "cmpEntityBeans": 0,
                  "messageDrivenBeans": 0,
                  "singletonSessionBeans": 0,
                  "statefulSessionBeans": 0,
                  "statelessSessionBeans": 0,
                  "jaxrpcConsumers": 0,
                  "jaxrpcProviders": 0,
                  "jaxrsConsumers": 0,
                  "jaxrsProviders": 0,
                  "jaxwsConsumers": 0,
                  "jaxwsProviders": 0
               },
               "containedArchiveInventory": [
                  {
                     "archiveName": "/opt/IBM/WebSphere/AppServer/profiles/AppSrv01/config/cells/icp-ldapNode01Cell/applications/petstore-WAS.ear/petstore-WAS.ear/petstore-webmodule.war/WEB-INF/lib/bp-ui-5.jar",
                     "moduleType": "Utility JAR",
                     "containedPackages": [
                        "com.sun.javaee"
                     ]
                  },
                  {
                     "archiveName": "/opt/IBM/WebSphere/AppServer/profiles/AppSrv01/config/cells/icp-ldapNode01Cell/applications/petstore-WAS.ear/petstore-WAS.ear/petstore-webmodule.war/WEB-INF/lib/commons-fileupload-1.1.1.jar",
                     "moduleType": "Utility JAR",
                     "containedPackages": [
                        "org.apache.commons"
                     ]
                  },
                  {
                     "archiveName": "/opt/IBM/WebSphere/AppServer/profiles/AppSrv01/config/cells/icp-ldapNode01Cell/applications/petstore-WAS.ear/petstore-WAS.ear/petstore-webmodule.war/WEB-INF/lib/commons-io-1.2.jar",
                     "moduleType": "Utility JAR",
                     "containedPackages": [
                        "org.apache.commons"
                     ]
                  },
                  {
                     "archiveName": "/opt/IBM/WebSphere/AppServer/profiles/AppSrv01/config/cells/icp-ldapNode01Cell/applications/petstore-WAS.ear/petstore-WAS.ear/petstore-webmodule.war/WEB-INF/lib/commons-logging-1.1.jar",
                     "moduleType": "Utility JAR",
                     "containedPackages": [
                        "org.apache.commons"
                     ]
                  },
                  {
                     "archiveName": "/opt/IBM/WebSphere/AppServer/profiles/AppSrv01/config/cells/icp-ldapNode01Cell/applications/petstore-WAS.ear/petstore-WAS.ear/petstore-webmodule.war/WEB-INF/lib/jdom.jar",
                     "moduleType": "Utility JAR",
                     "containedPackages": [
                        "org.jdom",
                        "org.jdom.adapters",
                        "org.jdom.filter",
                        "org.jdom.input",
                        "org.jdom.output",
                        "org.jdom.transform",
                        "org.jdom.xpath"
                     ]
                  },
                  {
                     "archiveName": "/opt/IBM/WebSphere/AppServer/profiles/AppSrv01/config/cells/icp-ldapNode01Cell/applications/petstore-WAS.ear/petstore-WAS.ear/petstore-webmodule.war/WEB-INF/lib/lucene-core-2.0.0.jar",
                     "moduleType": "Utility JAR",
                     "containedPackages": [
                        "org.apache.lucene"
                     ]
                  },
                  {
                     "archiveName": "/opt/IBM/WebSphere/AppServer/profiles/AppSrv01/config/cells/icp-ldapNode01Cell/applications/petstore-WAS.ear/petstore-WAS.ear/petstore-webmodule.war/WEB-INF/lib/rome-0.8.jar",
                     "moduleType": "Utility JAR",
                     "containedPackages": [
                        "com.sun.syndication"
                     ]
                  },
                  {
                     "archiveName": "/opt/IBM/WebSphere/AppServer/profiles/AppSrv01/config/cells/icp-ldapNode01Cell/applications/petstore-WAS.ear/petstore-WAS.ear/petstore-webmodule.war/WEB-INF/lib/rome-fetcher-0.7.jar",
                     "moduleType": "Utility JAR",
                     "containedPackages": [
                        "com.sun.syndication"
                     ]
                  },
                  {
                     "archiveName": "/opt/IBM/WebSphere/AppServer/profiles/AppSrv01/config/cells/icp-ldapNode01Cell/applications/petstore-WAS.ear/petstore-WAS.ear/petstore-webmodule.war/WEB-INF/lib/shale-remoting.jar",
                     "moduleType": "Utility JAR",
                     "containedPackages": [
                        "org.apache.shale"
                     ]
                  }
               ]
            }
         ]
      }
   ],
   "sharedLibraryDetails": [
   ]
}