{
   "report": "analysis",
   "version": "1.2",
   "productVersion": "9.0",
   "productRelease": "18.0.0.2",
   "options": [
      "--sourceAppServer=was70",
      "--sourceJava=ibm7",
      "--targetAppServer=liberty",
      "--targetJava=ibm8",
      "--targetJavaEE=ee6",
      "--targetCloud=dockerIBMCloud",
      "--excludePackages=com.ibm,com.informix,com.microsoft,com.sybase,com.sun,java,javax,net,oracle,org,sqlj,_ibmjsp"
   ],
   "totalRulesFlagged": 5,
   "filesAffected": 13,
   "totalResults": 16,
   "severitySummary": [
      {
         "severity": "Severe",
         "totalRulesFlagged": 1,
         "totalResults": 3
      },
      {
         "severity": "Warning",
         "totalRulesFlagged": 4,
         "totalResults": 13
      }
   ],
   "applications": [
      "/opt/IBM/WebSphere/AppServer/profiles/AppSrv01/config/cells/icp-ldapNode01Cell/applications/petstore-WAS.ear/petstore-WAS.ear"
   ],
   "rules": [
      {
         "ruleName": "Databases",
         "ruleId": "DatabasesSQLRule",
         "severity": "Warning",
         "category": "Technology connectivity considerations for IBM Cloud",
         "results": [
            {
               "fileName": "petstore-WAS.ear/petstore-webmodule.war/WEB-INF/classes/META-INF/persistence.xml",
               "details": [
                  {
                     "reference": null,
                     "match": "jta-data-source=java:comp/env/jdbc/PetstoreDB",
                     "lineNumber": 12
                  }
               ]
            },
            {
               "fileName": "petstore-WAS.ear/petstore-webmodule.war/WEB-INF/web.xml",
               "details": [
                  {
                     "reference": null,
                     "match": "res-type=javax.sql.DataSource",
                     "lineNumber": 126
                  }
               ]
            }
         ]
      },
      {
         "ruleName": "Handling application configuration in Docker containers",
         "ruleId": "DetectPropertiesFiles",
         "severity": "Warning",
         "category": "Docker (IBM Cloud Kubernetes Service)",
         "results": [
            {
               "fileName": "petstore-WAS.ear/petstore-webmodule.war/WEB-INF/classes/com/sun/javaee/blueprints/petstore/util/LogStrings.properties",
               "details": [
                  {
                     "reference": null,
                     "match": "(.*)?\\.properties",
                     "lineNumber": 0
                  }
               ]
            },
            {
               "fileName": "petstore-WAS.ear/petstore-webmodule.war/WEB-INF/classes/com/sun/javaee/blueprints/petstore/util/MessageStrings.properties",
               "details": [
                  {
                     "reference": null,
                     "match": "(.*)?\\.properties",
                     "lineNumber": 0
                  }
               ]
            },
            {
               "fileName": "petstore-WAS.ear/petstore-webmodule.war/WEB-INF/lib/bp-ui-5.jar/com/sun/javaee/blueprints/components/ui/LogStrings.properties",
               "details": [
                  {
                     "reference": null,
                     "match": "(.*)?\\.properties",
                     "lineNumber": 0
                  }
               ]
            },
            {
               "fileName": "petstore-WAS.ear/petstore-webmodule.war/WEB-INF/lib/bp-ui-5.jar/com/sun/javaee/blueprints/components/ui/MessageStrings.properties",
               "details": [
                  {
                     "reference": null,
                     "match": "(.*)?\\.properties",
                     "lineNumber": 0
                  }
               ]
            },
            {
               "fileName": "petstore-WAS.ear/petstore-webmodule.war/WEB-INF/lib/bp-ui-5.jar/com/sun/javaee/blueprints/components/ui/fileupload/LogStrings.properties",
               "details": [
                  {
                     "reference": null,
                     "match": "(.*)?\\.properties",
                     "lineNumber": 0
                  }
               ]
            },
            {
               "fileName": "petstore-WAS.ear/petstore-webmodule.war/WEB-INF/lib/rome-0.8.jar/com/sun/syndication/rome.properties",
               "details": [
                  {
                     "reference": null,
                     "match": "(.*)?\\.properties",
                     "lineNumber": 0
                  }
               ]
            },
            {
               "fileName": "petstore-WAS.ear/petstore-webmodule.war/WEB-INF/lib/rome-fetcher-0.7.jar/fetcher.properties",
               "details": [
                  {
                     "reference": null,
                     "match": "(.*)?\\.properties",
                     "lineNumber": 0
                  }
               ]
            },
            {
               "fileName": "petstore-WAS.ear/petstore-webmodule.war/WEB-INF/lib/shale-remoting.jar/org/apache/shale/remoting/Bundle.properties",
               "details": [
                  {
                     "reference": null,
                     "match": "(.*)?\\.properties",
                     "lineNumber": 0
                  }
               ]
            }
         ]
      },
      {
         "ruleName": "JavaServer Faces (JSF) 1.1/1.2 compatibility",
         "ruleId": "DetectUnsupportedJSF",
         "severity": "Warning",
         "category": "Java Technology Support for Liberty",
         "results": [
            {
               "fileName": "petstore-WAS.ear/petstore-webmodule.war/WEB-INF/faces-config.xml",
               "details": [
                  {
                     "reference": null,
                     "match": "faces-config.version=1.2",
                     "lineNumber": 10
                  }
               ]
            },
            {
               "fileName": "petstore-WAS.ear/petstore-webmodule.war/WEB-INF/lib/bp-ui-5.jar/META-INF/faces-config.xml",
               "details": [
                  {
                     "reference": null,
                     "match": "faces-config.version=1.2",
                     "lineNumber": 10
                  }
               ]
            },
            {
               "fileName": "petstore-WAS.ear/petstore-webmodule.war/WEB-INF/lib/shale-remoting.jar/META-INF/faces-config.xml",
               "details": [
                  {
                     "reference": null,
                     "match": "http://java.sun.com/dtd/web-facesconfig_1_1.dtd",
                     "lineNumber": 1
                  }
               ]
            }
         ]
      },
      {
         "ruleName": "The JSF SunRI engine was removed",
         "ruleId": "RemovedJSFSunRI",
         "severity": "Severe",
         "category": "WebSphere version migration / V8.5 to V9.0 migration",
         "results": [
            {
               "fileName": "petstore-WAS.ear/petstore-webmodule.war/WEB-INF/faces-config.xml",
               "details": [
                  {
                     "reference": null,
                     "match": "faces-config",
                     "lineNumber": 7
                  }
               ]
            },
            {
               "fileName": "petstore-WAS.ear/petstore-webmodule.war/WEB-INF/lib/bp-ui-5.jar/META-INF/faces-config.xml",
               "details": [
                  {
                     "reference": null,
                     "match": "faces-config",
                     "lineNumber": 7
                  }
               ]
            },
            {
               "fileName": "petstore-WAS.ear/petstore-webmodule.war/WEB-INF/lib/shale-remoting.jar/META-INF/faces-config.xml",
               "details": [
                  {
                     "reference": null,
                     "match": "faces-config",
                     "lineNumber": 33
                  }
               ]
            }
         ]
      }
   ]
}