{
   "report": "analysis",
   "version": "1.2",
   "productVersion": "9.0",
   "productRelease": "18.0.0.2",
   "options": [
      "--sourceAppServer=was70",
      "--sourceJava=ibm7",
      "--targetAppServer=liberty",
      "--targetJava=ibm8",
      "--targetJavaEE=ee6",
      "--targetCloud=dockerIBMCloud",
      "--excludePackages=com.ibm,com.informix,com.microsoft,com.sybase,com.sun,java,javax,net,oracle,org,sqlj,_ibmjsp"
   ],
   "totalRulesFlagged": 13,
   "filesAffected": 22,
   "totalResults": 150,
   "severitySummary": [
      {
         "severity": "Severe",
         "totalRulesFlagged": 3,
         "totalResults": 40
      },
      {
         "severity": "Warning",
         "totalRulesFlagged": 10,
         "totalResults": 110
      }
   ],
   "applications": [
      "/opt/IBM/WebSphere/AppServer/profiles/AppSrv01/config/cells/icp-ldapNode01Cell/applications/plants-by-websphere-jee5.ear/plants-by-websphere-jee5.ear"
   ],
   "rules": [
      {
         "ruleName": "Check for a behavior change on EntityManager refresh(Object entity) method",
         "ruleId": "BehaviorOpenJPARefreshMethod",
         "severity": "Warning",
         "category": "WebSphere version migration / V7.0 to V8.0 migration",
         "results": [
            {
               "fileName": "plants-by-websphere-jee5.ear/plants-by-websphere-ejb.jar/com/ibm/websphere/samples/plantsbywebsphereejb/CatalogBean.class",
               "details": [
                  {
                     "reference": "Method getInvUpdate",
                     "match": "javax.persistence.EntityManager.refresh(java.lang.Object)",
                     "lineNumber": 0
                  }
               ]
            },
            {
               "fileName": "plants-by-websphere-jee5.ear/plants-by-websphere-ejb.jar/com/ibm/websphere/samples/plantsbywebsphereejb/LoginBean.class",
               "details": [
                  {
                     "reference": "Method updateUser",
                     "match": "javax.persistence.EntityManager.refresh(java.lang.Object)",
                     "lineNumber": 0
                  }
               ]
            },
            {
               "fileName": "plants-by-websphere-jee5.ear/plants-by-websphere-ejb.jar/com/ibm/websphere/samples/plantsbywebsphereejb/ShoppingCartBean.class",
               "details": [
                  {
                     "reference": "Method backOrder",
                     "match": "javax.persistence.EntityManager.refresh(java.lang.Object)",
                     "lineNumber": 0
                  }
               ]
            }
         ]
      },
      {
         "ruleName": "Databases",
         "ruleId": "DatabasesSQLRule",
         "severity": "Warning",
         "category": "Technology connectivity considerations for IBM Cloud",
         "results": [
            {
               "fileName": "plants-by-websphere-jee5.ear/plants-by-websphere-ejb.jar/com/ibm/websphere/samples/plantsbywebsphereejb/BackOrder.class",
               "details": [
                  {
                     "reference": "Class annotation",
                     "match": "javax.persistence",
                     "lineNumber": 0
                  }
               ]
            },
            {
               "fileName": "plants-by-websphere-jee5.ear/plants-by-websphere-ejb.jar/com/ibm/websphere/samples/plantsbywebsphereejb/ReportGeneratorBean.class",
               "details": [
                  {
                     "reference": "Method getTopSellersForDates",
                     "match": "java.sql",
                     "lineNumber": 0
                  }
               ]
            },
            {
               "fileName": "plants-by-websphere-jee5.ear/plants-by-websphere-jee5-web.war/WEB-INF/web.xml",
               "details": [
                  {
                     "reference": null,
                     "match": "res-type=javax.sql.DataSource",
                     "lineNumber": 64
                  }
               ]
            }
         ]
      },
      {
         "ruleName": "Handling application configuration in Docker containers",
         "ruleId": "DetectPropertiesFiles",
         "severity": "Warning",
         "category": "Docker (IBM Cloud Kubernetes Service)",
         "results": [
            {
               "fileName": "plants-by-websphere-jee5.ear/Database/PLANTSDB/service.properties",
               "details": [
                  {
                     "reference": null,
                     "match": "(.*)?\\.properties",
                     "lineNumber": 0
                  }
               ]
            },
            {
               "fileName": "plants-by-websphere-jee5.ear/plants-by-websphere-ejb.jar/pbw.properties",
               "details": [
                  {
                     "reference": null,
                     "match": "(.*)?\\.properties",
                     "lineNumber": 0
                  }
               ]
            }
         ]
      },
      {
         "ruleName": "Java API for XML-based RPC (JAX-RPC) is unavailable",
         "ruleId": "DetectJAXRPC",
         "severity": "Severe",
         "category": "Java Technology Support for Liberty",
         "results": [
            {
               "fileName": "plants-by-websphere-jee5.ear/plants-by-websphere-jee5-web.war/WEB-INF/classes/com/ibm/websphere/samples/order/ejb/FrontGateSoapBindingStub.class",
               "details": [
                  {
                     "reference": "Constructor",
                     "match": "javax.xml.rpc",
                     "lineNumber": 14
                  },
                  {
                     "reference": "Constructor",
                     "match": "javax.xml.rpc",
                     "lineNumber": 17
                  },
                  {
                     "reference": "Constructor",
                     "match": "javax.xml.rpc",
                     "lineNumber": 19
                  },
                  {
                     "reference": "Constructor",
                     "match": "javax.xml.rpc",
                     "lineNumber": 27
                  },
                  {
                     "reference": "Constructor - Method parameter",
                     "match": "javax.xml.rpc",
                     "lineNumber": 0
                  },
                  {
                     "reference": "Method initTypeMapping",
                     "match": "javax.xml.rpc.encoding",
                     "lineNumber": 38
                  }
               ]
            },
            {
               "fileName": "plants-by-websphere-jee5.ear/plants-by-websphere-jee5-web.war/WEB-INF/classes/com/ibm/websphere/samples/order/ejb/FrontGate_SEIService.class",
               "details": [
                  {
                     "reference": "Class implements",
                     "match": "javax.xml.rpc",
                     "lineNumber": 0
                  },
                  {
                     "reference": "Method getFrontGate - Throws exception",
                     "match": "javax.xml.rpc",
                     "lineNumber": 0
                  }
               ]
            },
            {
               "fileName": "plants-by-websphere-jee5.ear/plants-by-websphere-jee5-web.war/WEB-INF/classes/com/ibm/websphere/samples/order/ejb/FrontGate_SEIServiceLocator.class",
               "details": [
                  {
                     "reference": "Method getCalls",
                     "match": "javax.xml.rpc",
                     "lineNumber": 150
                  },
                  {
                     "reference": "Method getCalls",
                     "match": "javax.xml.rpc",
                     "lineNumber": 153
                  },
                  {
                     "reference": "Method getCalls",
                     "match": "javax.xml.rpc",
                     "lineNumber": 154
                  },
                  {
                     "reference": "Method getCalls",
                     "match": "javax.xml.rpc",
                     "lineNumber": 155
                  },
                  {
                     "reference": "Method getCalls",
                     "match": "javax.xml.rpc",
                     "lineNumber": 156
                  },
                  {
                     "reference": "Method getCalls",
                     "match": "javax.xml.rpc",
                     "lineNumber": 157
                  },
                  {
                     "reference": "Method getCalls",
                     "match": "javax.xml.rpc",
                     "lineNumber": 161
                  },
                  {
                     "reference": "Method getCalls - Method return type",
                     "match": "javax.xml.rpc",
                     "lineNumber": 0
                  },
                  {
                     "reference": "Method getCalls - Throws exception",
                     "match": "javax.xml.rpc",
                     "lineNumber": 0
                  },
                  {
                     "reference": "Method getFrontGate",
                     "match": "javax.xml.rpc",
                     "lineNumber": 68
                  },
                  {
                     "reference": "Method getFrontGate - Throws exception",
                     "match": "javax.xml.rpc",
                     "lineNumber": 0
                  },
                  {
                     "reference": "Method getPort",
                     "match": "javax.xml.rpc",
                     "lineNumber": 92
                  },
                  {
                     "reference": "Method getPort",
                     "match": "javax.xml.rpc",
                     "lineNumber": 94
                  },
                  {
                     "reference": "Method getPort",
                     "match": "javax.xml.rpc",
                     "lineNumber": 108
                  },
                  {
                     "reference": "Method getPort - Throws exception",
                     "match": "javax.xml.rpc",
                     "lineNumber": 0
                  }
               ]
            },
            {
               "fileName": "plants-by-websphere-jee5.ear/plants-by-websphere-jee5-web.war/WEB-INF/classes/com/ibm/websphere/samples/plantsbywebspherewar/ReceiveOrdersJAXRPCProxy.class",
               "details": [
                  {
                     "reference": "Method checkOrderStatus",
                     "match": "javax.xml.rpc",
                     "lineNumber": 128
                  },
                  {
                     "reference": "Method checkOrderStatus - Catch exception",
                     "match": "javax.xml.rpc",
                     "lineNumber": 0
                  },
                  {
                     "reference": "Method getPortAddress",
                     "match": "javax.xml.rpc",
                     "lineNumber": 61
                  },
                  {
                     "reference": "Method getPortAddress - Catch exception",
                     "match": "javax.xml.rpc",
                     "lineNumber": 0
                  },
                  {
                     "reference": "Method sendOrder",
                     "match": "javax.xml.rpc",
                     "lineNumber": 96
                  },
                  {
                     "reference": "Method sendOrder - Catch exception",
                     "match": "javax.xml.rpc",
                     "lineNumber": 0
                  }
               ]
            }
         ]
      },
      {
         "ruleName": "Java EE security",
         "ruleId": "ApplicationSecurityRule",
         "severity": "Warning",
         "category": "Technology connectivity considerations for IBM Cloud",
         "results": [
            {
               "fileName": "plants-by-websphere-jee5.ear/plants-by-websphere-ejb.jar/com/ibm/websphere/samples/plantsbywebsphereejb/BackOrderStockBean.class",
               "details": [
                  {
                     "reference": "Class annotation",
                     "match": "javax.annotation.security.RolesAllowed",
                     "lineNumber": 0
                  }
               ]
            },
            {
               "fileName": "plants-by-websphere-jee5.ear/plants-by-websphere-jee5-web.war/WEB-INF/web.xml",
               "details": [
                  {
                     "reference": null,
                     "match": "security-constraint",
                     "lineNumber": 80
                  }
               ]
            }
         ]
      },
      {
         "ruleName": "JavaMail server",
         "ruleId": "MailServerRule",
         "severity": "Warning",
         "category": "Technology connectivity considerations for IBM Cloud",
         "results": [
            {
               "fileName": "plants-by-websphere-jee5.ear/plants-by-websphere-ejb.jar/com/ibm/websphere/samples/plantsbywebsphereejb/MailerBean.class",
               "details": [
                  {
                     "reference": "Field mailSession",
                     "match": "javax.mail",
                     "lineNumber": 0
                  }
               ]
            },
            {
               "fileName": "plants-by-websphere-jee5.ear/plants-by-websphere-jee5-web.war/WEB-INF/web.xml",
               "details": [
                  {
                     "reference": null,
                     "match": "res-type=javax.mail.Session",
                     "lineNumber": 76
                  }
               ]
            }
         ]
      },
      {
         "ruleName": "Remote EJB providers",
         "ruleId": "RemoteEJBProvidersRule",
         "severity": "Warning",
         "category": "Technology connectivity considerations for IBM Cloud (not Liberty Core)",
         "results": [
            {
               "fileName": "plants-by-websphere-jee5.ear/plants-by-websphere-ejb.jar/com/ibm/websphere/samples/plantsbywebsphereejb/Catalog.class",
               "details": [
                  {
                     "reference": "Interface annotation",
                     "match": "javax.ejb.Remote",
                     "lineNumber": 0
                  }
               ]
            }
         ]
      },
      {
         "ruleName": "Remote web services",
         "ruleId": "RemoteWebServicesRule",
         "severity": "Warning",
         "category": "Technology connectivity considerations for IBM Cloud",
         "results": [
            {
               "fileName": "plants-by-websphere-jee5.ear/plants-by-websphere-jee5-web.war/WEB-INF/web.xml",
               "details": [
                  {
                     "reference": null,
                     "match": "service-ref",
                     "lineNumber": 122
                  }
               ]
            }
         ]
      },
      {
         "ruleName": "The InitialContext lookup method can return primitive types",
         "ruleId": "DetectLookupMethod",
         "severity": "Warning",
         "category": "WebSphere traditional to Liberty",
         "results": [
            {
               "fileName": "plants-by-websphere-jee5.ear/plants-by-websphere-ejb.jar/com/ibm/websphere/samples/plantsbywebsphereejb/ReportGeneratorBean.class",
               "details": [
                  {
                     "reference": "Method getTopSellersForDates",
                     "match": "javax.naming.InitialContext.lookup(*)",
                     "lineNumber": 0
                  },
                  {
                     "reference": "Method getTopSellingZipsForDates",
                     "match": "javax.naming.InitialContext.lookup(*)",
                     "lineNumber": 0
                  }
               ]
            },
            {
               "fileName": "plants-by-websphere-jee5.ear/plants-by-websphere-ejb.jar/com/ibm/websphere/samples/plantsbywebsphereejb/Util.class",
               "details": [
                  {
                     "reference": "Method getBean",
                     "match": "javax.naming.InitialContext.lookup(*)",
                     "lineNumber": 0
                  }
               ]
            },
            {
               "fileName": "plants-by-websphere-jee5.ear/plants-by-websphere-jee5-web.war/WEB-INF/classes/com/ibm/websphere/samples/plantsbywebspherewar/ReceiveOrdersJAXRPCProxy.class",
               "details": [
                  {
                     "reference": "Method checkOrderStatus",
                     "match": "javax.naming.InitialContext.lookup(*)",
                     "lineNumber": 107
                  },
                  {
                     "reference": "Method sendOrder",
                     "match": "javax.naming.InitialContext.lookup(*)",
                     "lineNumber": 75
                  }
               ]
            }
         ]
      },
      {
         "ruleName": "The WebSphere web services APIs and SPIs are unavailable",
         "ruleId": "WebSphereWebServicesRule",
         "severity": "Severe",
         "category": "WebSphere traditional to Liberty",
         "results": [
            {
               "fileName": "plants-by-websphere-jee5.ear/plants-by-websphere-jee5-web.war/WEB-INF/classes/com/ibm/websphere/samples/order/ejb/FrontGateSoapBindingStub.class",
               "details": [
                  {
                     "reference": "Constructor",
                     "match": "com.ibm.ws.webservices.engine",
                     "lineNumber": 19
                  }
               ]
            },
            {
               "fileName": "plants-by-websphere-jee5.ear/plants-by-websphere-jee5-web.war/WEB-INF/classes/com/ibm/websphere/samples/order/ejb/FrontGate_SEIServiceInformation.class",
               "details": [
                  {
                     "reference": "Class implements",
                     "match": "com.ibm.ws.webservices.multiprotocol",
                     "lineNumber": 0
                  }
               ]
            },
            {
               "fileName": "plants-by-websphere-jee5.ear/plants-by-websphere-jee5-web.war/WEB-INF/classes/com/ibm/websphere/samples/order/ejb/FrontGate_SEIServiceLocator.class",
               "details": [
                  {
                     "reference": "Class implements",
                     "match": "com.ibm.ws.webservices.multiprotocol",
                     "lineNumber": 0
                  }
               ]
            }
         ]
      },
      {
         "ruleName": "Transaction propagation is not supported for Enterprise JavaBeans (EJB) remote interfaces",
         "ruleId": "DetectTransactionPropagationEJBRemote",
         "severity": "Severe",
         "category": "Java Technology Support for Liberty",
         "results": [
            {
               "fileName": "plants-by-websphere-jee5.ear/plants-by-websphere-ejb.jar/META-INF/ejb-jar.xml",
               "details": [
                  {
                     "reference": null,
                     "match": "business-remote",
                     "lineNumber": 5
                  },
                  {
                     "reference": null,
                     "match": "business-remote",
                     "lineNumber": 65
                  },
                  {
                     "reference": null,
                     "match": "business-remote",
                     "lineNumber": 95
                  },
                  {
                     "reference": null,
                     "match": "business-remote",
                     "lineNumber": 110
                  }
               ]
            },
            {
               "fileName": "plants-by-websphere-jee5.ear/plants-by-websphere-ejb.jar/com/ibm/websphere/samples/plantsbywebsphereejb/Catalog.class",
               "details": [
                  {
                     "reference": "Interface annotation",
                     "match": "javax.ejb.Remote",
                     "lineNumber": 0
                  }
               ]
            },
            {
               "fileName": "plants-by-websphere-jee5.ear/plants-by-websphere-ejb.jar/com/ibm/websphere/samples/plantsbywebsphereejb/Login.class",
               "details": [
                  {
                     "reference": "Interface annotation",
                     "match": "javax.ejb.Remote",
                     "lineNumber": 0
                  }
               ]
            },
            {
               "fileName": "plants-by-websphere-jee5.ear/plants-by-websphere-ejb.jar/com/ibm/websphere/samples/plantsbywebsphereejb/ReportGenerator.class",
               "details": [
                  {
                     "reference": "Interface annotation",
                     "match": "javax.ejb.Remote",
                     "lineNumber": 0
                  }
               ]
            },
            {
               "fileName": "plants-by-websphere-jee5.ear/plants-by-websphere-ejb.jar/com/ibm/websphere/samples/plantsbywebsphereejb/ShoppingCart.class",
               "details": [
                  {
                     "reference": "Interface annotation",
                     "match": "javax.ejb.Remote",
                     "lineNumber": 0
                  }
               ]
            }
         ]
      },
      {
         "ruleName": "Validate the URL host and port for cloud access",
         "ruleId": "URLRuleDockerCloud",
         "severity": "Warning",
         "category": "Connectivity considerations for IBM Cloud (Docker and WebSphere in IBM Cloud)",
         "results": [
            {
               "fileName": "plants-by-websphere-jee5.ear/plants-by-websphere-jee5-web.war/WEB-INF/classes/com/ibm/websphere/samples/order/ejb/FrontGateSoapBindingStub.class",
               "details": [
                  {
                     "reference": "Method _getcheckOrderStatusOperation3",
                     "match": "http://ejb.order.samples.websphere.ibm.com",
                     "lineNumber": 268
                  },
                  {
                     "reference": "Method _getcheckOrderStatusOperation3",
                     "match": "http://ejb.order.samples.websphere.ibm.com",
                     "lineNumber": 273
                  },
                  {
                     "reference": "Method _getcheckOrderStatusOperation3",
                     "match": "http://ejb.order.samples.websphere.ibm.com",
                     "lineNumber": 279
                  },
                  {
                     "reference": "Method _getcheckOrderStatusOperation3",
                     "match": "http://ejb.order.samples.websphere.ibm.com",
                     "lineNumber": 280
                  },
                  {
                     "reference": "Method _getcheckOrderStatusOperation3",
                     "match": "http://ejb.order.samples.websphere.ibm.com",
                     "lineNumber": 282
                  },
                  {
                     "reference": "Method _getcheckOrderStatusOperation3",
                     "match": "http://ejb.order.samples.websphere.ibm.com",
                     "lineNumber": 283
                  },
                  {
                     "reference": "Method _getcheckOrderStatusOperation3",
                     "match": "http://ejb.order.samples.websphere.ibm.com",
                     "lineNumber": 285
                  },
                  {
                     "reference": "Method _getcheckOrderStatusOperation3",
                     "match": "http://ejb.order.samples.websphere.ibm.com",
                     "lineNumber": 286
                  },
                  {
                     "reference": "Method _getcheckOrderStatusOperation3",
                     "match": "http://ejb.order.samples.websphere.ibm.com",
                     "lineNumber": 289
                  },
                  {
                     "reference": "Method _getsendOrderOperation1",
                     "match": "http://ejb.order.samples.websphere.ibm.com",
                     "lineNumber": 111
                  },
                  {
                     "reference": "Method _getsendOrderOperation1",
                     "match": "http://ejb.order.samples.websphere.ibm.com",
                     "lineNumber": 112
                  },
                  {
                     "reference": "Method _getsendOrderOperation1",
                     "match": "http://ejb.order.samples.websphere.ibm.com",
                     "lineNumber": 113
                  },
                  {
                     "reference": "Method _getsendOrderOperation1",
                     "match": "http://ejb.order.samples.websphere.ibm.com",
                     "lineNumber": 114
                  },
                  {
                     "reference": "Method _getsendOrderOperation1",
                     "match": "http://ejb.order.samples.websphere.ibm.com",
                     "lineNumber": 128
                  },
                  {
                     "reference": "Method _getsendOrderOperation1",
                     "match": "http://ejb.order.samples.websphere.ibm.com",
                     "lineNumber": 134
                  },
                  {
                     "reference": "Method _getsendOrderOperation1",
                     "match": "http://ejb.order.samples.websphere.ibm.com",
                     "lineNumber": 135
                  },
                  {
                     "reference": "Method _getsendOrderOperation1",
                     "match": "http://ejb.order.samples.websphere.ibm.com",
                     "lineNumber": 137
                  },
                  {
                     "reference": "Method _getsendOrderOperation1",
                     "match": "http://ejb.order.samples.websphere.ibm.com",
                     "lineNumber": 138
                  },
                  {
                     "reference": "Method _getsendOrderOperation1",
                     "match": "http://ejb.order.samples.websphere.ibm.com",
                     "lineNumber": 140
                  },
                  {
                     "reference": "Method _getsendOrderOperation1",
                     "match": "http://ejb.order.samples.websphere.ibm.com",
                     "lineNumber": 141
                  },
                  {
                     "reference": "Method _getsendOrderOperation1",
                     "match": "http://ejb.order.samples.websphere.ibm.com",
                     "lineNumber": 144
                  },
                  {
                     "reference": "Method _getupdateItemStatusOperation2",
                     "match": "http://ejb.order.samples.websphere.ibm.com",
                     "lineNumber": 196
                  },
                  {
                     "reference": "Method _getupdateItemStatusOperation2",
                     "match": "http://ejb.order.samples.websphere.ibm.com",
                     "lineNumber": 197
                  },
                  {
                     "reference": "Method _getupdateItemStatusOperation2",
                     "match": "http://ejb.order.samples.websphere.ibm.com",
                     "lineNumber": 198
                  },
                  {
                     "reference": "Method _getupdateItemStatusOperation2",
                     "match": "http://ejb.order.samples.websphere.ibm.com",
                     "lineNumber": 212
                  },
                  {
                     "reference": "Method _getupdateItemStatusOperation2",
                     "match": "http://ejb.order.samples.websphere.ibm.com",
                     "lineNumber": 213
                  },
                  {
                     "reference": "Method _getupdateItemStatusOperation2",
                     "match": "http://ejb.order.samples.websphere.ibm.com",
                     "lineNumber": 215
                  },
                  {
                     "reference": "Method _getupdateItemStatusOperation2",
                     "match": "http://ejb.order.samples.websphere.ibm.com",
                     "lineNumber": 216
                  },
                  {
                     "reference": "Method _getupdateItemStatusOperation2",
                     "match": "http://ejb.order.samples.websphere.ibm.com",
                     "lineNumber": 218
                  },
                  {
                     "reference": "Method _getupdateItemStatusOperation2",
                     "match": "http://ejb.order.samples.websphere.ibm.com",
                     "lineNumber": 219
                  },
                  {
                     "reference": "Method _getupdateItemStatusOperation2",
                     "match": "http://ejb.order.samples.websphere.ibm.com",
                     "lineNumber": 222
                  },
                  {
                     "reference": "Method _getupdateItemStatusOperation2",
                     "match": "http://websphere.ibm.com/webservices/",
                     "lineNumber": 209
                  },
                  {
                     "reference": "Method _getupdateOrderStatusOperation0",
                     "match": "http://ejb.order.samples.websphere.ibm.com",
                     "lineNumber": 43
                  },
                  {
                     "reference": "Method _getupdateOrderStatusOperation0",
                     "match": "http://ejb.order.samples.websphere.ibm.com",
                     "lineNumber": 44
                  },
                  {
                     "reference": "Method _getupdateOrderStatusOperation0",
                     "match": "http://ejb.order.samples.websphere.ibm.com",
                     "lineNumber": 55
                  },
                  {
                     "reference": "Method _getupdateOrderStatusOperation0",
                     "match": "http://ejb.order.samples.websphere.ibm.com",
                     "lineNumber": 56
                  },
                  {
                     "reference": "Method _getupdateOrderStatusOperation0",
                     "match": "http://ejb.order.samples.websphere.ibm.com",
                     "lineNumber": 58
                  },
                  {
                     "reference": "Method _getupdateOrderStatusOperation0",
                     "match": "http://ejb.order.samples.websphere.ibm.com",
                     "lineNumber": 59
                  },
                  {
                     "reference": "Method _getupdateOrderStatusOperation0",
                     "match": "http://ejb.order.samples.websphere.ibm.com",
                     "lineNumber": 61
                  },
                  {
                     "reference": "Method _getupdateOrderStatusOperation0",
                     "match": "http://ejb.order.samples.websphere.ibm.com",
                     "lineNumber": 62
                  },
                  {
                     "reference": "Method _getupdateOrderStatusOperation0",
                     "match": "http://ejb.order.samples.websphere.ibm.com",
                     "lineNumber": 65
                  },
                  {
                     "reference": "Method _getupdateOrderStatusOperation0",
                     "match": "http://websphere.ibm.com/webservices/",
                     "lineNumber": 52
                  }
               ]
            },
            {
               "fileName": "plants-by-websphere-jee5.ear/plants-by-websphere-jee5-web.war/WEB-INF/classes/com/ibm/websphere/samples/order/ejb/FrontGate_SEIServiceInformation.class",
               "details": [
                  {
                     "reference": "Method _checkOrderStatus0Op",
                     "match": "http://ejb.order.samples.websphere.ibm.com",
                     "lineNumber": 57
                  },
                  {
                     "reference": "Method _checkOrderStatus0Op",
                     "match": "http://ejb.order.samples.websphere.ibm.com",
                     "lineNumber": 62
                  },
                  {
                     "reference": "Method _checkOrderStatus0Op",
                     "match": "http://ejb.order.samples.websphere.ibm.com",
                     "lineNumber": 68
                  },
                  {
                     "reference": "Method _checkOrderStatus0Op",
                     "match": "http://ejb.order.samples.websphere.ibm.com",
                     "lineNumber": 69
                  },
                  {
                     "reference": "Method _checkOrderStatus0Op",
                     "match": "http://ejb.order.samples.websphere.ibm.com",
                     "lineNumber": 71
                  },
                  {
                     "reference": "Method _checkOrderStatus0Op",
                     "match": "http://ejb.order.samples.websphere.ibm.com",
                     "lineNumber": 72
                  },
                  {
                     "reference": "Method _checkOrderStatus0Op",
                     "match": "http://ejb.order.samples.websphere.ibm.com",
                     "lineNumber": 74
                  },
                  {
                     "reference": "Method _checkOrderStatus0Op",
                     "match": "http://ejb.order.samples.websphere.ibm.com",
                     "lineNumber": 75
                  },
                  {
                     "reference": "Method _checkOrderStatus0Op",
                     "match": "http://ejb.order.samples.websphere.ibm.com",
                     "lineNumber": 78
                  },
                  {
                     "reference": "Method _sendOrder1Op",
                     "match": "http://ejb.order.samples.websphere.ibm.com",
                     "lineNumber": 87
                  },
                  {
                     "reference": "Method _sendOrder1Op",
                     "match": "http://ejb.order.samples.websphere.ibm.com",
                     "lineNumber": 88
                  },
                  {
                     "reference": "Method _sendOrder1Op",
                     "match": "http://ejb.order.samples.websphere.ibm.com",
                     "lineNumber": 89
                  },
                  {
                     "reference": "Method _sendOrder1Op",
                     "match": "http://ejb.order.samples.websphere.ibm.com",
                     "lineNumber": 90
                  },
                  {
                     "reference": "Method _sendOrder1Op",
                     "match": "http://ejb.order.samples.websphere.ibm.com",
                     "lineNumber": 104
                  },
                  {
                     "reference": "Method _sendOrder1Op",
                     "match": "http://ejb.order.samples.websphere.ibm.com",
                     "lineNumber": 110
                  },
                  {
                     "reference": "Method _sendOrder1Op",
                     "match": "http://ejb.order.samples.websphere.ibm.com",
                     "lineNumber": 111
                  },
                  {
                     "reference": "Method _sendOrder1Op",
                     "match": "http://ejb.order.samples.websphere.ibm.com",
                     "lineNumber": 113
                  },
                  {
                     "reference": "Method _sendOrder1Op",
                     "match": "http://ejb.order.samples.websphere.ibm.com",
                     "lineNumber": 114
                  },
                  {
                     "reference": "Method _sendOrder1Op",
                     "match": "http://ejb.order.samples.websphere.ibm.com",
                     "lineNumber": 116
                  },
                  {
                     "reference": "Method _sendOrder1Op",
                     "match": "http://ejb.order.samples.websphere.ibm.com",
                     "lineNumber": 117
                  },
                  {
                     "reference": "Method _sendOrder1Op",
                     "match": "http://ejb.order.samples.websphere.ibm.com",
                     "lineNumber": 120
                  },
                  {
                     "reference": "Method _updateItemStatus2Op",
                     "match": "http://ejb.order.samples.websphere.ibm.com",
                     "lineNumber": 129
                  },
                  {
                     "reference": "Method _updateItemStatus2Op",
                     "match": "http://ejb.order.samples.websphere.ibm.com",
                     "lineNumber": 130
                  },
                  {
                     "reference": "Method _updateItemStatus2Op",
                     "match": "http://ejb.order.samples.websphere.ibm.com",
                     "lineNumber": 131
                  },
                  {
                     "reference": "Method _updateItemStatus2Op",
                     "match": "http://ejb.order.samples.websphere.ibm.com",
                     "lineNumber": 145
                  },
                  {
                     "reference": "Method _updateItemStatus2Op",
                     "match": "http://ejb.order.samples.websphere.ibm.com",
                     "lineNumber": 146
                  },
                  {
                     "reference": "Method _updateItemStatus2Op",
                     "match": "http://ejb.order.samples.websphere.ibm.com",
                     "lineNumber": 148
                  },
                  {
                     "reference": "Method _updateItemStatus2Op",
                     "match": "http://ejb.order.samples.websphere.ibm.com",
                     "lineNumber": 149
                  },
                  {
                     "reference": "Method _updateItemStatus2Op",
                     "match": "http://ejb.order.samples.websphere.ibm.com",
                     "lineNumber": 151
                  },
                  {
                     "reference": "Method _updateItemStatus2Op",
                     "match": "http://ejb.order.samples.websphere.ibm.com",
                     "lineNumber": 152
                  },
                  {
                     "reference": "Method _updateItemStatus2Op",
                     "match": "http://ejb.order.samples.websphere.ibm.com",
                     "lineNumber": 155
                  },
                  {
                     "reference": "Method _updateItemStatus2Op",
                     "match": "http://websphere.ibm.com/webservices/",
                     "lineNumber": 142
                  },
                  {
                     "reference": "Method _updateOrderStatus3Op",
                     "match": "http://ejb.order.samples.websphere.ibm.com",
                     "lineNumber": 164
                  },
                  {
                     "reference": "Method _updateOrderStatus3Op",
                     "match": "http://ejb.order.samples.websphere.ibm.com",
                     "lineNumber": 165
                  },
                  {
                     "reference": "Method _updateOrderStatus3Op",
                     "match": "http://ejb.order.samples.websphere.ibm.com",
                     "lineNumber": 176
                  },
                  {
                     "reference": "Method _updateOrderStatus3Op",
                     "match": "http://ejb.order.samples.websphere.ibm.com",
                     "lineNumber": 177
                  },
                  {
                     "reference": "Method _updateOrderStatus3Op",
                     "match": "http://ejb.order.samples.websphere.ibm.com",
                     "lineNumber": 179
                  },
                  {
                     "reference": "Method _updateOrderStatus3Op",
                     "match": "http://ejb.order.samples.websphere.ibm.com",
                     "lineNumber": 180
                  },
                  {
                     "reference": "Method _updateOrderStatus3Op",
                     "match": "http://ejb.order.samples.websphere.ibm.com",
                     "lineNumber": 182
                  },
                  {
                     "reference": "Method _updateOrderStatus3Op",
                     "match": "http://ejb.order.samples.websphere.ibm.com",
                     "lineNumber": 183
                  },
                  {
                     "reference": "Method _updateOrderStatus3Op",
                     "match": "http://ejb.order.samples.websphere.ibm.com",
                     "lineNumber": 186
                  },
                  {
                     "reference": "Method _updateOrderStatus3Op",
                     "match": "http://websphere.ibm.com/webservices/",
                     "lineNumber": 173
                  }
               ]
            },
            {
               "fileName": "plants-by-websphere-jee5.ear/plants-by-websphere-jee5-web.war/WEB-INF/classes/com/ibm/websphere/samples/order/ejb/FrontGate_SEIServiceLocator.class",
               "details": [
                  {
                     "reference": "Constructor",
                     "match": "http://ejb.order.samples.websphere.ibm.com",
                     "lineNumber": 15
                  },
                  {
                     "reference": "Constructor",
                     "match": "http://localhost:9080/OrderProcessorEJB/services/FrontGate",
                     "lineNumber": 27
                  },
                  {
                     "reference": "Field frontGate_address",
                     "match": "http://localhost:9080/OrderProcessorEJB/services/FrontGate",
                     "lineNumber": 0
                  },
                  {
                     "reference": "Method getFrontGateAddress",
                     "match": "http://localhost:9080/OrderProcessorEJB/services/FrontGate",
                     "lineNumber": 31
                  },
                  {
                     "reference": "Method getFrontGateAddress",
                     "match": "http://localhost:9080/OrderProcessorEJB/services/FrontGate",
                     "lineNumber": 38
                  },
                  {
                     "reference": "Method getServiceName",
                     "match": "http://ejb.order.samples.websphere.ibm.com",
                     "lineNumber": 117
                  }
               ]
            },
            {
               "fileName": "plants-by-websphere-jee5.ear/plants-by-websphere-jee5-web.war/wsdl/FrontGate.wsdl",
               "details": [
                  {
                     "reference": null,
                     "match": "address.location=http://localhost:9080/OrderProcessorEJB/services/FrontGate",
                     "lineNumber": 149
                  }
               ]
            }
         ]
      }
   ]
}