{
   "report": "analysis",
   "version": "1.2",
   "productVersion": "9.0",
   "productRelease": "18.0.0.2",
   "options": [
      "--sourceAppServer=was70",
      "--sourceJava=ibm7",
      "--targetAppServer=was90",
      "--targetJava=ibm8",
      "--targetJavaEE=ee7",
      "--targetCloud=vmIBMCloud",
      "--excludePackages=com.ibm,com.informix,com.microsoft,com.sybase,com.sun,java,javax,net,oracle,org,sqlj,_ibmjsp"
   ],
   "totalRulesFlagged": 10,
   "filesAffected": 12,
   "totalResults": 20,
   "severitySummary": [
      {
         "severity": "Severe",
         "totalRulesFlagged": 2,
         "totalResults": 2
      },
      {
         "severity": "Warning",
         "totalRulesFlagged": 7,
         "totalResults": 16
      },
      {
         "severity": "Information",
         "totalRulesFlagged": 1,
         "totalResults": 2
      }
   ],
   "applications": [
      "/opt/IBM/WebSphere/AppServer/profiles/AppSrv01/config/cells/icp-ldapNode01Cell/applications/plants-by-websphere-jee6-mysql.ear/plants-by-websphere-jee6-mysql.ear"
   ],
   "rules": [
      {
         "ruleName": "Behavior change in rounding in NumberFormat and DecimalFormat format methods",
         "ruleId": "NumberFormatRounding",
         "severity": "Information",
         "category": "Java SE version migration / Java SE 8 compatibility impacts",
         "results": [
            {
               "fileName": "plants-by-websphere-jee6-mysql.ear/PlantsByWebSphere.war/WEB-INF/classes/com/ibm/websphere/samples/pbw/war/ShoppingBean.class",
               "details": [
                  {
                     "reference": "Method getShippingCostString",
                     "match": "java.text.NumberFormat.format(double)",
                     "lineNumber": 156
                  },
                  {
                     "reference": "Method getTotalCostString",
                     "match": "java.text.NumberFormat.format(double)",
                     "lineNumber": 176
                  }
               ]
            }
         ]
      },
      {
         "ruleName": "CDI scans for implicit beans when there is no beans.xml file",
         "ruleId": "MissingBeansFile",
         "severity": "Warning",
         "category": "Java EE 7 / CDI",
         "results": [
            {
               "fileName": "plants-by-websphere-jee6-mysql.ear/lib/pbw-lib.jar",
               "details": [
                  {
                     "reference": null,
                     "match": ".*(\\.war|\\.jar)",
                     "lineNumber": 0
                  }
               ]
            }
         ]
      },
      {
         "ruleName": "Check for a behavior change for EJB bean presence in a web module",
         "ruleId": "BehaviorEJBInWebModule",
         "severity": "Warning",
         "category": "WebSphere version migration / V7.0 to V8.0 migration",
         "results": [
            {
               "fileName": "plants-by-websphere-jee6-mysql.ear/PlantsByWebSphere.war/WEB-INF/classes/com/ibm/websphere/samples/pbw/ejb/BackOrderMgr.class",
               "details": [
                  {
                     "reference": "Class annotation",
                     "match": "javax.ejb.Stateless",
                     "lineNumber": 0
                  }
               ]
            },
            {
               "fileName": "plants-by-websphere-jee6-mysql.ear/PlantsByWebSphere.war/WEB-INF/classes/com/ibm/websphere/samples/pbw/ejb/CatalogMgr.class",
               "details": [
                  {
                     "reference": "Class annotation",
                     "match": "javax.ejb.Stateless",
                     "lineNumber": 0
                  }
               ]
            },
            {
               "fileName": "plants-by-websphere-jee6-mysql.ear/PlantsByWebSphere.war/WEB-INF/classes/com/ibm/websphere/samples/pbw/ejb/CustomerMgr.class",
               "details": [
                  {
                     "reference": "Class annotation",
                     "match": "javax.ejb.Stateless",
                     "lineNumber": 0
                  }
               ]
            },
            {
               "fileName": "plants-by-websphere-jee6-mysql.ear/PlantsByWebSphere.war/WEB-INF/classes/com/ibm/websphere/samples/pbw/ejb/MailerBean.class",
               "details": [
                  {
                     "reference": "Class annotation",
                     "match": "javax.ejb.Stateless",
                     "lineNumber": 0
                  }
               ]
            },
            {
               "fileName": "plants-by-websphere-jee6-mysql.ear/PlantsByWebSphere.war/WEB-INF/classes/com/ibm/websphere/samples/pbw/ejb/ResetDBBean.class",
               "details": [
                  {
                     "reference": "Class annotation",
                     "match": "javax.ejb.Stateless",
                     "lineNumber": 0
                  }
               ]
            },
            {
               "fileName": "plants-by-websphere-jee6-mysql.ear/PlantsByWebSphere.war/WEB-INF/classes/com/ibm/websphere/samples/pbw/ejb/ShoppingCartBean.class",
               "details": [
                  {
                     "reference": "Class annotation",
                     "match": "javax.ejb.Stateful",
                     "lineNumber": 0
                  }
               ]
            },
            {
               "fileName": "plants-by-websphere-jee6-mysql.ear/PlantsByWebSphere.war/WEB-INF/classes/com/ibm/websphere/samples/pbw/ejb/SuppliersBean.class",
               "details": [
                  {
                     "reference": "Class annotation",
                     "match": "javax.ejb.Stateless",
                     "lineNumber": 0
                  }
               ]
            },
            {
               "fileName": "plants-by-websphere-jee6-mysql.ear/PlantsByWebSphere.war/WEB-INF/web.xml",
               "details": [
                  {
                     "reference": null,
                     "match": "web-app.version=3.0: namespace=http://java.sun.com/xml/ns/javaee",
                     "lineNumber": 4
                  }
               ]
            }
         ]
      },
      {
         "ruleName": "Check for a behavior change on EntityManager refresh(Object entity) method",
         "ruleId": "BehaviorOpenJPARefreshMethod",
         "severity": "Warning",
         "category": "WebSphere version migration / V7.0 to V8.0 migration",
         "results": [
            {
               "fileName": "plants-by-websphere-jee6-mysql.ear/PlantsByWebSphere.war/WEB-INF/classes/com/ibm/websphere/samples/pbw/ejb/CatalogMgr.class",
               "details": [
                  {
                     "reference": "Method getInvUpdate",
                     "match": "javax.persistence.EntityManager.refresh(java.lang.Object)",
                     "lineNumber": 222
                  }
               ]
            },
            {
               "fileName": "plants-by-websphere-jee6-mysql.ear/PlantsByWebSphere.war/WEB-INF/classes/com/ibm/websphere/samples/pbw/ejb/CustomerMgr.class",
               "details": [
                  {
                     "reference": "Method updateUser",
                     "match": "javax.persistence.EntityManager.refresh(java.lang.Object)",
                     "lineNumber": 99
                  }
               ]
            },
            {
               "fileName": "plants-by-websphere-jee6-mysql.ear/PlantsByWebSphere.war/WEB-INF/classes/com/ibm/websphere/samples/pbw/ejb/ShoppingCartBean.class",
               "details": [
                  {
                     "reference": "Method backOrder",
                     "match": "javax.persistence.EntityManager.refresh(java.lang.Object)",
                     "lineNumber": 354
                  }
               ]
            }
         ]
      },
      {
         "ruleName": "Check for a behavior change on the sendRedirect method",
         "ruleId": "SendRedirectBehaviorChange",
         "severity": "Severe",
         "category": "Java EE 7 / Servlet 3.1",
         "results": [
            {
               "fileName": "plants-by-websphere-jee6-mysql.ear/PlantsByWebSphere.war/WEB-INF/classes/com/ibm/websphere/samples/pbw/war/AdminServlet.class",
               "details": [
                  {
                     "reference": "Method sendRedirect",
                     "match": "javax.servlet.http.HttpServletResponse.sendRedirect(java.lang.String)",
                     "lineNumber": 329
                  }
               ]
            }
         ]
      },
      {
         "ruleName": "Databases",
         "ruleId": "JavaxPersistenceRule",
         "severity": "Warning",
         "category": "Technology connectivity considerations for IBM Cloud",
         "results": [
            {
               "fileName": "plants-by-websphere-jee6-mysql.ear/PlantsByWebSphere.war/WEB-INF/classes/com/ibm/websphere/samples/pbw/ejb/BackOrderMgr.class",
               "details": [
                  {
                     "reference": "Field annotation em",
                     "match": "javax.persistence",
                     "lineNumber": 0
                  }
               ]
            }
         ]
      },
      {
         "ruleName": "Disable the persistence unit second-level cache",
         "ruleId": "JpaCacheProperties",
         "severity": "Severe",
         "category": "Java EE 7 / OpenJPA to EclipseLink JPA",
         "results": [
            {
               "fileName": "plants-by-websphere-jee6-mysql.ear/PlantsByWebSphere.war/WEB-INF/classes/META-INF/persistence.xml",
               "details": [
                  {
                     "reference": null,
                     "match": "persistence-unit",
                     "lineNumber": 5
                  }
               ]
            }
         ]
      },
      {
         "ruleName": "Java EE security",
         "ruleId": "ApplicationSecurityRule",
         "severity": "Warning",
         "category": "Technology connectivity considerations for IBM Cloud",
         "results": [
            {
               "fileName": "plants-by-websphere-jee6-mysql.ear/PlantsByWebSphere.war/WEB-INF/classes/com/ibm/websphere/samples/pbw/ejb/BackOrderMgr.class",
               "details": [
                  {
                     "reference": "Class annotation",
                     "match": "javax.annotation.security.RolesAllowed",
                     "lineNumber": 0
                  }
               ]
            }
         ]
      },
      {
         "ruleName": "Java Persistence API (JPA)",
         "ruleId": "DetectJPA",
         "severity": "Warning",
         "category": "Java EE 6 / JPA 2.0",
         "results": [
            {
               "fileName": "plants-by-websphere-jee6-mysql.ear/PlantsByWebSphere.war/WEB-INF/classes/com/ibm/websphere/samples/pbw/ejb/BackOrderMgr.class",
               "details": [
                  {
                     "reference": "Field annotation em",
                     "match": "javax.persistence",
                     "lineNumber": 0
                  }
               ]
            }
         ]
      },
      {
         "ruleName": "JavaMail server",
         "ruleId": "MailServerRule",
         "severity": "Warning",
         "category": "Technology connectivity considerations for IBM Cloud",
         "results": [
            {
               "fileName": "plants-by-websphere-jee6-mysql.ear/PlantsByWebSphere.war/WEB-INF/classes/com/ibm/websphere/samples/pbw/ejb/MailerBean.class",
               "details": [
                  {
                     "reference": "Field mailSession",
                     "match": "javax.mail",
                     "lineNumber": 0
                  }
               ]
            }
         ]
      }
   ]
}