{
   "report": "analysis",
   "version": "1.2",
   "productVersion": "9.0",
   "productRelease": "18.0.0.2",
   "options": [
      "--sourceAppServer=was70",
      "--sourceJava=ibm7",
      "--targetAppServer=liberty",
      "--targetJava=ibm8",
      "--targetJavaEE=ee6",
      "--targetCloud=dockerIBMCloud",
      "--excludePackages=com.ibm,com.informix,com.microsoft,com.sybase,com.sun,java,javax,net,oracle,org,sqlj,_ibmjsp"
   ],
   "totalRulesFlagged": 4,
   "filesAffected": 6,
   "totalResults": 8,
   "severitySummary": [
      {
         "severity": "Warning",
         "totalRulesFlagged": 3,
         "totalResults": 4
      },
      {
         "severity": "Information",
         "totalRulesFlagged": 1,
         "totalResults": 4
      }
   ],
   "applications": [
      "/opt/IBM/WebSphere/AppServer/profiles/AppSrv01/config/cells/icp-ldapNode01Cell/applications/was-starter.ear/was-starter.ear"
   ],
   "rules": [
      {
         "ruleName": "Behavior change in month name formatting for some languages",
         "ruleId": "MonthFormattingNames",
         "severity": "Information",
         "category": "Java SE version migration / Java SE 8 compatibility impacts",
         "results": [
            {
               "fileName": "was-starter.ear/was-starter-web.war/WEB-INF/lib/gson-2.7.jar/com/google/gson/DefaultDateTypeAdapter.class",
               "details": [
                  {
                     "reference": "Method serialize",
                     "match": "java.text.DateFormat.format(*)",
                     "lineNumber": 72
                  }
               ]
            },
            {
               "fileName": "was-starter.ear/was-starter-web.war/WEB-INF/lib/gson-2.7.jar/com/google/gson/internal/bind/DateTypeAdapter.class",
               "details": [
                  {
                     "reference": "Method write",
                     "match": "java.text.DateFormat.format(*)",
                     "lineNumber": 83
                  }
               ]
            },
            {
               "fileName": "was-starter.ear/was-starter-web.war/WEB-INF/lib/gson-2.7.jar/com/google/gson/internal/bind/SqlDateTypeAdapter.class",
               "details": [
                  {
                     "reference": "Method write",
                     "match": "java.text.DateFormat.format(*)",
                     "lineNumber": 65
                  }
               ]
            },
            {
               "fileName": "was-starter.ear/was-starter-web.war/WEB-INF/lib/gson-2.7.jar/com/google/gson/internal/bind/TimeTypeAdapter.class",
               "details": [
                  {
                     "reference": "Method write",
                     "match": "java.text.DateFormat.format(*)",
                     "lineNumber": 64
                  }
               ]
            }
         ]
      },
      {
         "ruleName": "Databases",
         "ruleId": "DatabasesSQLRule",
         "severity": "Warning",
         "category": "Technology connectivity considerations for IBM Cloud",
         "results": [
            {
               "fileName": "was-starter.ear/was-starter-web.war/WEB-INF/classes/wasdev/sample/model/Visit.class",
               "details": [
                  {
                     "reference": "Class annotation",
                     "match": "javax.persistence",
                     "lineNumber": 0
                  },
                  {
                     "reference": "Field visited",
                     "match": "java.sql",
                     "lineNumber": 0
                  }
               ]
            },
            {
               "fileName": "was-starter.ear/was-starter-web.war/WEB-INF/lib/gson-2.7.jar/com/google/gson/DefaultDateTypeAdapter.class",
               "details": [
                  {
                     "reference": "Method deserialize",
                     "match": "java.sql",
                     "lineNumber": 86
                  }
               ]
            }
         ]
      },
      {
         "ruleName": "Handling application configuration in Docker containers",
         "ruleId": "DetectPropertiesFiles",
         "severity": "Warning",
         "category": "Docker (IBM Cloud Kubernetes Service)",
         "results": [
            {
               "fileName": "was-starter.ear/was-starter-web.war/WEB-INF/lib/gson-2.7.jar/META-INF/maven/com.google.code.gson/gson/pom.properties",
               "details": [
                  {
                     "reference": null,
                     "match": "(.*)?\\.properties",
                     "lineNumber": 0
                  }
               ]
            }
         ]
      }
   ]
}