{
   "report": "analysis",
   "version": "1.2",
   "productVersion": "9.0",
   "productRelease": "18.0.0.2",
   "options": [
      "--sourceAppServer=was70",
      "--sourceJava=ibm7",
      "--targetAppServer=was90",
      "--targetJava=ibm8",
      "--targetJavaEE=ee7",
      "--targetCloud=vmIBMCloud",
      "--excludePackages=com.ibm,com.informix,com.microsoft,com.sybase,com.sun,java,javax,net,oracle,org,sqlj,_ibmjsp"
   ],
   "totalRulesFlagged": 7,
   "filesAffected": 9,
   "totalResults": 12,
   "severitySummary": [
      {
         "severity": "Severe",
         "totalRulesFlagged": 1,
         "totalResults": 1
      },
      {
         "severity": "Warning",
         "totalRulesFlagged": 5,
         "totalResults": 7
      },
      {
         "severity": "Information",
         "totalRulesFlagged": 1,
         "totalResults": 4
      }
   ],
   "applications": [
      "/opt/IBM/WebSphere/AppServer/profiles/AppSrv01/config/cells/icp-ldapNode01Cell/applications/was-starter.ear/was-starter.ear"
   ],
   "rules": [
      {
         "ruleName": "Behavior change in month name formatting for some languages",
         "ruleId": "MonthFormattingNames",
         "severity": "Information",
         "category": "Java SE version migration / Java SE 8 compatibility impacts",
         "results": [
            {
               "fileName": "was-starter.ear/was-starter-web.war/WEB-INF/lib/gson-2.7.jar/com/google/gson/DefaultDateTypeAdapter.class",
               "details": [
                  {
                     "reference": "Method serialize",
                     "match": "java.text.DateFormat.format(*)",
                     "lineNumber": 72
                  }
               ]
            },
            {
               "fileName": "was-starter.ear/was-starter-web.war/WEB-INF/lib/gson-2.7.jar/com/google/gson/internal/bind/DateTypeAdapter.class",
               "details": [
                  {
                     "reference": "Method write",
                     "match": "java.text.DateFormat.format(*)",
                     "lineNumber": 83
                  }
               ]
            },
            {
               "fileName": "was-starter.ear/was-starter-web.war/WEB-INF/lib/gson-2.7.jar/com/google/gson/internal/bind/SqlDateTypeAdapter.class",
               "details": [
                  {
                     "reference": "Method write",
                     "match": "java.text.DateFormat.format(*)",
                     "lineNumber": 65
                  }
               ]
            },
            {
               "fileName": "was-starter.ear/was-starter-web.war/WEB-INF/lib/gson-2.7.jar/com/google/gson/internal/bind/TimeTypeAdapter.class",
               "details": [
                  {
                     "reference": "Method write",
                     "match": "java.text.DateFormat.format(*)",
                     "lineNumber": 64
                  }
               ]
            }
         ]
      },
      {
         "ruleName": "CDI scans for implicit beans when there is no beans.xml file",
         "ruleId": "MissingBeansFile",
         "severity": "Warning",
         "category": "Java EE 7 / CDI",
         "results": [
            {
               "fileName": "was-starter.ear/was-starter-web.war",
               "details": [
                  {
                     "reference": null,
                     "match": ".*(\\.war|\\.jar)",
                     "lineNumber": 0
                  }
               ]
            },
            {
               "fileName": "was-starter.ear/was-starter-web.war/WEB-INF/lib/gson-2.7.jar",
               "details": [
                  {
                     "reference": null,
                     "match": ".*(\\.war|\\.jar)",
                     "lineNumber": 0
                  }
               ]
            }
         ]
      },
      {
         "ruleName": "Databases",
         "ruleId": "DatabasesSQLRule",
         "severity": "Warning",
         "category": "Technology connectivity considerations for IBM Cloud",
         "results": [
            {
               "fileName": "was-starter.ear/was-starter-web.war/WEB-INF/classes/wasdev/sample/model/Visit.class",
               "details": [
                  {
                     "reference": "Class annotation",
                     "match": "javax.persistence",
                     "lineNumber": 0
                  },
                  {
                     "reference": "Field visited",
                     "match": "java.sql",
                     "lineNumber": 0
                  }
               ]
            },
            {
               "fileName": "was-starter.ear/was-starter-web.war/WEB-INF/lib/gson-2.7.jar/com/google/gson/DefaultDateTypeAdapter.class",
               "details": [
                  {
                     "reference": "Method deserialize",
                     "match": "java.sql",
                     "lineNumber": 86
                  }
               ]
            }
         ]
      },
      {
         "ruleName": "Disable the persistence unit second-level cache",
         "ruleId": "JpaCacheProperties",
         "severity": "Severe",
         "category": "Java EE 7 / OpenJPA to EclipseLink JPA",
         "results": [
            {
               "fileName": "was-starter.ear/was-starter-web.war/WEB-INF/classes/META-INF/persistence.xml",
               "details": [
                  {
                     "reference": null,
                     "match": "persistence-unit",
                     "lineNumber": 4
                  }
               ]
            }
         ]
      },
      {
         "ruleName": "Java API for RESTful Web Services (JAX-RS)",
         "ruleId": "DetectJAXRS",
         "severity": "Warning",
         "category": "Java EE 6 / JAX-RS 1.1",
         "results": [
            {
               "fileName": "was-starter.ear/was-starter-web.war/WEB-INF/classes/wasdev/sample/rest/VisitorAPI.class",
               "details": [
                  {
                     "reference": "Class annotation",
                     "match": "javax.ws.rs",
                     "lineNumber": 0
                  }
               ]
            }
         ]
      },
      {
         "ruleName": "Java Persistence API (JPA)",
         "ruleId": "DetectJPA",
         "severity": "Warning",
         "category": "Java EE 6 / JPA 2.0",
         "results": [
            {
               "fileName": "was-starter.ear/was-starter-web.war/WEB-INF/classes/wasdev/sample/model/Visit.class",
               "details": [
                  {
                     "reference": "Class annotation",
                     "match": "javax.persistence",
                     "lineNumber": 0
                  }
               ]
            }
         ]
      }
   ]
}